{"train_loss": [0.5272166899404697, 0.3573666038954082, 0.2807694405386776, 0.23855406760289488, 0.21590465677159648, 0.1742552690086387, 0.15376098085811366, 0.14171430623707332, 0.12756997508394136, 0.14340941833148377], "train_accuracy": [0.8783993783993784, 0.9246309246309247, 0.9421134421134422, 0.9545454545454546, 0.9491064491064491, 0.9677544677544677, 0.9700854700854701, 0.9790209790209791, 0.9731934731934732, 0.9638694638694638], "train_f1": [0.8788824503430602, 0.9245575911592808, 0.9423075856061546, 0.9545574139390497, 0.9486969012745841, 0.9677357437993188, 0.9700754747088189, 0.9790345731100415, 0.9732151250370786, 0.963872046648197], "val_loss": [0.9208936769832936, 0.8906345707809586, 0.8711148092297004, 0.8623091570782723, 0.9052681400794391, 0.8724696477562266, 0.8469301919604457, 0.9096841115206095, 0.9708110907281092, 0.9568082961309172], "val_accuracy": [0.5219638242894057, 0.5710594315245479, 0.5555555555555556, 0.5555555555555556, 0.6020671834625323, 0.5581395348837209, 0.5710594315245479, 0.5478036175710594, 0.5400516795865633, 0.5322997416020672], "val_f1": [0.5170811290852331, 0.5329050237541869, 0.5478021204117535, 0.5477598332770464, 0.5350053169187807, 0.5281507589426342, 0.5542902378498561, 0.5345604077787124, 0.5130209784634261, 0.49222057022896]}