{"train_loss": [0.39394235050576365, 0.2629119690620538, 0.18584932297722906, 0.1394543000254505, 0.11629530570955358, 0.09777524069287374, 0.08382640177530194, 0.08230518267751204, 0.06294538235261446, 0.05669242815746294], "train_accuracy": [0.9094794094794095, 0.9393939393939394, 0.9658119658119658, 0.9759129759129759, 0.9829059829059829, 0.9867909867909868, 0.9926184926184927, 0.9871794871794872, 0.9914529914529915, 0.9957264957264957], "train_f1": [0.9096533661147921, 0.9394773937784977, 0.9656828982378345, 0.9759170090571248, 0.9829602392334782, 0.9868207113434957, 0.9926184234839853, 0.9871745046486146, 0.99146050761555, 0.9957267031753422], "val_loss": [0.8942678738626091, 0.9403322048350514, 0.8538075593090797, 0.7934272136799124, 0.7998584223194024, 0.7795621750428695, 0.79087934937588, 0.7873602636562761, 0.8241820133625691, 0.8054148026138005], "val_accuracy": [0.5142118863049095, 0.48578811369509045, 0.6408268733850129, 0.6330749354005168, 0.6124031007751938, 0.6253229974160207, 0.6511627906976745, 0.6563307493540051, 0.6149870801033591, 0.627906976744186], "val_f1": [0.4654641180970971, 0.42232399892373956, 0.5603125129474126, 0.5961083058642798, 0.6073283027610306, 0.6153787949101243, 0.6175054797054916, 0.6177850985355382, 0.5952358977768696, 0.5978407199672178]}