{"train_loss": [0.40973480206732615, 0.28115086842157533, 0.20074023652558376, 0.15091587178750657, 0.1159657995739739, 0.1225313353753868, 0.09473856195240124, 0.08443372605459673, 0.07326941074052334, 0.06412512473269961], "train_accuracy": [0.9188034188034188, 0.9417249417249417, 0.9630924630924631, 0.9766899766899767, 0.9871794871794872, 0.9790209790209791, 0.9871794871794872, 0.9864024864024864, 0.98989898989899, 0.991064491064491], "train_f1": [0.9184969376028171, 0.9413893362010375, 0.9630053704002438, 0.9767333649759222, 0.9871988382663798, 0.9789535907619595, 0.9871862889700392, 0.9864021850090917, 0.9898931322255825, 0.9910651658681495], "val_loss": [0.8639691552142457, 0.8779577688345306, 0.8789310402956427, 0.9535215188982566, 0.9420315652546648, 1.0238132466025438, 1.027202215767646, 1.0072389343604253, 0.9567814644917038, 1.049995305310232], "val_accuracy": [0.5348837209302325, 0.5452196382428941, 0.5400516795865633, 0.5012919896640827, 0.5064599483204134, 0.48320413436692505, 0.48320413436692505, 0.5064599483204134, 0.5193798449612403, 0.46770025839793283], "val_f1": [0.5306397358433663, 0.5342481616482052, 0.5322041549389547, 0.5010155486131997, 0.5082148342182121, 0.45570030031918374, 0.487395803860727, 0.5135113480736472, 0.5236571043958594, 0.4665511169704633]}