{"train_loss": [0.468868174104609, 0.33941639115760375, 0.24787269202701417, 0.2156822683047952, 0.1795597118792278, 0.18571836967383046, 0.1501212654159156, 0.17071355921567274, 0.1804021172914379, 0.17254407325268903], "train_accuracy": [0.864024864024864, 0.9055944055944056, 0.9463869463869464, 0.9518259518259519, 0.9630924630924631, 0.9545454545454546, 0.9638694638694638, 0.9560994560994561, 0.9343434343434344, 0.9351204351204351], "train_f1": [0.8635177796235132, 0.9054724169889887, 0.9463709543270421, 0.9517685201382106, 0.9630150956017459, 0.9547093050892379, 0.9638148017106212, 0.9564314607414124, 0.9343781321963905, 0.934330881909669], "val_loss": [1.1353639699999984, 1.1925490671812102, 1.202371799360566, 1.3032518030753124, 1.3417595708092978, 1.2382540516459049, 1.4651245871794625, 1.3375284920521178, 1.609849733225905, 1.5873014291974616], "val_accuracy": [0.4625322997416021, 0.4134366925064599, 0.5193798449612403, 0.5736434108527132, 0.6046511627906976, 0.5064599483204134, 0.5762273901808785, 0.4806201550387597, 0.4883720930232558, 0.4599483204134367], "val_f1": [0.4172936045941062, 0.380959031879672, 0.47760781120764295, 0.5203285441779294, 0.5396251880317341, 0.4891695745381644, 0.5233124460745612, 0.4699739764719245, 0.4510791028227339, 0.4317013827157321]}