{"train_loss": [0.47632603207205093, 0.34107324411541157, 0.26545874172388906, 0.22409141809327157, 0.1982574542606627, 0.1722857836741019, 0.15954692542506635, 0.14052173820640473, 0.13830430622747358, 0.11792290809317532], "train_accuracy": [0.8772338772338772, 0.9277389277389277, 0.945998445998446, 0.9463869463869464, 0.9564879564879565, 0.9662004662004662, 0.9638694638694638, 0.9747474747474747, 0.9735819735819736, 0.9794094794094794], "train_f1": [0.8770027658910373, 0.9275237587335862, 0.9460821753059986, 0.946376264515602, 0.9564846304894001, 0.9661926830345529, 0.9639003153461472, 0.974727822534233, 0.9736084429385632, 0.9794265900248303], "val_loss": [1.1544004831203194, 1.1099042441185747, 1.1533761757596828, 1.152883172651286, 1.0655268704860401, 1.064883433109106, 1.0906274763804689, 1.0984328041859068, 1.1375417305825601, 1.127939637086188], "val_accuracy": [0.3385012919896641, 0.4134366925064599, 0.3488372093023256, 0.3850129198966408, 0.4470284237726098, 0.4418604651162791, 0.4186046511627907, 0.4573643410852713, 0.43669250645994834, 0.4392764857881137], "val_f1": [0.3156407659307831, 0.4096605544513622, 0.3372713919576197, 0.37716675139312467, 0.4516339814015459, 0.4517929652481148, 0.42086585363701834, 0.45737021486965734, 0.44378609539045216, 0.4458601526753703]}